Urls,
https://www.linkedin.com/jobs/view/3435361096/?eBP=JOB_SEARCH_ORGANIC&recommendedFlavor=IN_NETWORK&refId=tFx7Rg83%2BX77M8it7UCnjQ%3D%3D&trackingId=%2FjZ5wXg%2FWJkF0qGDi2ydIQ%3D%3D&trk=flagship3_search_srp_jobs,
https://www.linkedin.com/jobs/view/3338501721/?eBP=JOB_SEARCH_ORGANIC&recommendedFlavor=ACTIVELY_HIRING_COMPANY&refId=tFx7Rg83%2BX77M8it7UCnjQ%3D%3D&trackingId=WpXDzvxibS33K2dyS3brTA%3D%3D&trk=flagship3_search_srp_jobs,
https://www.linkedin.com/jobs/view/3406494512/?eBP=JOB_SEARCH_ORGANIC&refId=tFx7Rg83%2BX77M8it7UCnjQ%3D%3D&trackingId=AAhsx2B1Zrle5Lyom4mrLA%3D%3D&trk=flagship3_search_srp_jobs,
https://www.linkedin.com/jobs/view/3462267482/?eBP=JOB_SEARCH_ORGANIC&refId=tFx7Rg83%2BX77M8it7UCnjQ%3D%3D&trackingId=xI0eZhxk9xaT9DCTUdcTaA%3D%3D&trk=flagship3_search_srp_jobs,
https://www.linkedin.com/jobs/view/3437415691/?eBP=JOB_SEARCH_ORGANIC&refId=tFx7Rg83%2BX77M8it7UCnjQ%3D%3D&trackingId=qyTbzbjzVgoRiK2UcEIE6Q%3D%3D&trk=flagship3_search_srp_jobs,
https://www.linkedin.com/jobs/view/3432380263/?eBP=JOB_SEARCH_ORGANIC&refId=tFx7Rg83%2BX77M8it7UCnjQ%3D%3D&trackingId=FuSsMMlrJgoPaxwETSD0Jw%3D%3D&trk=flagship3_search_srp_jobs,
https://www.linkedin.com/jobs/view/3452825779/?eBP=JOB_SEARCH_ORGANIC&recommendedFlavor=IN_NETWORK&refId=tFx7Rg83%2BX77M8it7UCnjQ%3D%3D&trackingId=fTlRswk5V9GQz2NghD790w%3D%3D&trk=flagship3_search_srp_jobs,
https://www.linkedin.com/jobs/view/3434244094/?eBP=JOB_SEARCH_ORGANIC&refId=tFx7Rg83%2BX77M8it7UCnjQ%3D%3D&trackingId=Hk2afmPcEWiVU%2FgJjLsSug%3D%3D&trk=flagship3_search_srp_jobs,
,
,
https://www.linkedin.com/jobs/view/3432662600/?eBP=JOB_SEARCH_ORGANIC&refId=tFx7Rg83%2BX77M8it7UCnjQ%3D%3D&trackingId=JV1acPHoG%2FrIiyDRN7EyUg%3D%3D&trk=flagship3_search_srp_jobs,
https://www.linkedin.com/jobs/view/3441618057/?eBP=JOB_SEARCH_ORGANIC&recommendedFlavor=IN_NETWORK&refId=6RG2HDzSdx5wfwzGYhfgkQ%3D%3D&trackingId=rTNLa081S3DmRFoedsDcYg%3D%3D&trk=flagship3_search_srp_jobs,
https://www.linkedin.com/jobs/view/3441053195/?eBP=JOB_SEARCH_ORGANIC&refId=6RG2HDzSdx5wfwzGYhfgkQ%3D%3D&trackingId=sPMgEO89tuca9EQfg8BAyg%3D%3D&trk=flagship3_search_srp_jobs,
https://www.linkedin.com/jobs/view/3342185296/?eBP=JOB_SEARCH_ORGANIC&recommendedFlavor=ACTIVELY_HIRING_COMPANY&refId=6RG2HDzSdx5wfwzGYhfgkQ%3D%3D&trackingId=YORJ8RdduRuT7vdwE4WiFQ%3D%3D&trk=flagship3_search_srp_jobs,
,
https://www.linkedin.com/jobs/view/3385608670/?eBP=JOB_SEARCH_ORGANIC&recommendedFlavor=ACTIVELY_HIRING_COMPANY&refId=6RG2HDzSdx5wfwzGYhfgkQ%3D%3D&trackingId=WXpX5q5Sc7X7vI3%2FnPEtqQ%3D%3D&trk=flagship3_search_srp_jobs,
https://www.linkedin.com/jobs/view/3409803891/?eBP=JOB_SEARCH_ORGANIC&refId=6RG2HDzSdx5wfwzGYhfgkQ%3D%3D&trackingId=vT1SM67Q5jb36C1A9CMVbw%3D%3D&trk=flagship3_search_srp_jobs,
https://www.linkedin.com/jobs/view/3382536379/?eBP=JOB_SEARCH_ORGANIC&recommendedFlavor=ACTIVELY_HIRING_COMPANY&refId=6RG2HDzSdx5wfwzGYhfgkQ%3D%3D&trackingId=sO8Y9Z1biPURxRcD9YeG7A%3D%3D&trk=flagship3_search_srp_jobs,
https://www.linkedin.com/jobs/view/3443399864/?eBP=JOB_SEARCH_ORGANIC&recommendedFlavor=ACTIVELY_HIRING_COMPANY&refId=6RG2HDzSdx5wfwzGYhfgkQ%3D%3D&trackingId=RBN00z140IhkkYG%2BNZfjLg%3D%3D&trk=flagship3_search_srp_jobs,
https://www.linkedin.com/jobs/view/3449894479/?eBP=JOB_SEARCH_ORGANIC&refId=6RG2HDzSdx5wfwzGYhfgkQ%3D%3D&trackingId=8MoY9QO0GEkFkv%2BltO3USA%3D%3D&trk=flagship3_search_srp_jobs,
https://www.linkedin.com/jobs/view/3452414382/?eBP=JOB_SEARCH_ORGANIC&refId=6RG2HDzSdx5wfwzGYhfgkQ%3D%3D&trackingId=XeHi2cO4XhO3KuxT6S%2BP2Q%3D%3D&trk=flagship3_search_srp_jobs,